properties.level,properties.speed,properties.day_of_week,properties.weekday_weekend,X,Y,MaxInjuryS,LightCondi,Commercial,NumberOfFa,NumberOfIn,NumberOfOt,NumberOfSe,NumberOfVe,Intersecti,interstate_is_odd,year,day_sin,day_cos,month_sin,month_cos,hour_sin,hour_cos,minute_sin,minute_cos,curve,grade,WET,DRY,UNKNOWN,FLOODED WATER,SNOW/ICE,SLUSH,two_way,divided,protected_medium,CLOUDY,CLEAR,RAIN,SLEET/HAIL/FREEZING RAIN,SNOW,CollisionT,CrashType,TrafficCon,CountyName,CityTownNa,properties.delay,properties.length,Predicted Delay,Predicted Length
2.0,29.527608,1,0,-76.1370382241886,42.5945226362364,0,0,1,0,0,0,0,3,0,1,2022,-0.651372482722222,-0.7587581226927911,0.8660254037844387,-0.4999999999999998,0.9422609221188204,-0.3348796121709861,0.9911528310040072,-0.1327255272837218,0,0,0,0,0,0,1,0,0,0,0,0,0,0,0,1,other,collision with motor vehicle,police fire emergency,cortland,cortlandville,4.3,3.785392132,5.373898287761283,2.6906258798165497
1.0,44.39704527777778,0,0,-73.6929204167782,41.5227729275796,0,3,0,0,0,0,0,1,0,0,2022,-0.2993631229733582,-0.9541392564000488,0.4999999999999999,0.8660254037844387,0.2697967711570243,0.9629172873477994,-0.5076658003388407,0.8615540813938056,0,0,0,0,0,0,1,0,0,0,0,0,0,0,0,1,other,collision with guide rail,none,dutchess,east fishkill,1.0,2.194682372,1.7551167180336291,4.722329073555141
3.0,18.75922738888889,0,0,-76.2290179965979,43.0850310577356,0,0,0,0,0,0,0,1,2,0,2022,-0.5712682150947924,0.8207634412072763,1.0,6.123233995736766e-17,0.631087944326053,-0.7757112907044197,0.0,1.0,0,0,0,0,0,0,1,0,0,0,0,0,0,0,0,1,other,collision with guide rail,none,onondaga,geddes,2.7,1.212916192,6.096189833645555,0.6827235379951113
4.0,13.763394722222223,0,0,-77.4852985180517,43.0789098572992,0,0,0,0,0,0,0,2,1,0,2021,-0.968077118866204,-0.2506525322587213,-0.5000000000000004,0.8660254037844384,-0.816969893010442,-0.5766803221148672,0.847734427889671,-0.5304209081197424,0,0,0,1,0,0,0,0,0,0,0,1,0,0,0,0,rear end,collision with motor vehicle,none,monroe,perinton,4.683333333333334,1.355831522,5.087179203887314,1.5724740504149453
1.0,40.68745311111112,4,0,-73.8683899007901,42.7138548751379,0,3,0,0,0,0,0,1,0,0,2022,0.72479278722912,0.6889669190756866,0.8660254037844386,0.5000000000000001,0.9790840876823228,0.2034560130526337,0.6783118362696161,0.7347741508630673,0,0,0,0,0,0,0,1,0,0,0,0,0,0,1,0,other,collision with guide rail,none,albany,albany,1.6333333333333333,3.34918969,1.6796213558403448,2.6305963416506146
1.0,37.84778205555556,0,0,-73.9419734008877,41.5297804785438,0,3,0,0,0,0,0,2,0,0,2022,-0.2993631229733582,-0.9541392564000488,0.4999999999999999,0.8660254037844387,0.9790840876823228,0.2034560130526337,-0.5076658003388407,0.8615540813938056,1,0,0,0,0,0,1,0,0,0,0,0,0,0,1,0,overtaking,collision with motor vehicle,none,dutchess,fishkill,2.25,3.356024771,2.4424359892172545,3.470058078061807
1.0,41.2963978888889,0,0,-73.947644486983,41.5297513310597,0,0,0,0,0,0,0,2,0,0,2022,-0.2993631229733582,-0.9541392564000488,0.4999999999999999,0.8660254037844387,0.1361666490962471,-0.9906859460363306,0.6783118362696161,0.7347741508630673,1,1,1,0,0,0,0,0,0,0,0,0,1,0,0,0,overtaking,collision with motor vehicle,other,dutchess,fishkill,3.6166666666666663,6.538065662,1.4028587143187146,3.842187221209587
3.0,16.58442461111111,4,0,-73.8319673123051,42.7051831118957,0,0,0,0,0,0,0,2,0,0,2022,0.72479278722912,0.6889669190756866,0.8660254037844386,0.5000000000000001,0.631087944326053,-0.7757112907044197,0.4610925014493257,-0.8873520750565717,0,0,0,0,0,0,1,0,0,0,0,0,0,0,1,0,overtaking,collision with motor vehicle,none,albany,colonie,1.5,0.585331482,6.191268738922019,1.402961253180543
1.0,37.829140888888894,5,1,-76.1791185561177,42.6107725285715,0,0,0,0,0,0,0,1,0,1,2022,0.6513724827222223,-0.758758122692791,1.0,6.123233995736766e-17,-0.1361666490962464,-0.9906859460363308,-0.63824418364482,-0.7698339834299063,1,0,0,0,0,0,1,0,0,0,0,0,0,0,0,1,other,collision with guide rail,none,cortland,cortland,1.05,1.592573873,2.409439045393808,2.4036315652896127
1.0,39.941806444444445,4,0,-73.7150084981891,42.68919083233,1,0,0,0,1,1,0,2,0,1,2022,-0.9377521321470804,0.3473052528448203,0.8660254037844386,0.5000000000000001,-0.6310879443260528,-0.7757112907044198,0.2113826236296243,0.9774033898178668,0,0,0,0,0,0,1,0,0,0,0,0,0,0,0,1,overtaking,collision with motor vehicle,none,albany,menands,1.0,1.903259373,0.2498659292324552,2.525701506846984
2.0,31.478716777777784,0,0,-76.1036280538339,43.1406093228431,0,0,0,0,0,0,0,1,1,1,2022,-0.2993631229733582,-0.9541392564000488,0.4999999999999999,0.8660254037844387,-0.1361666490962464,-0.9906859460363308,0.8993121301712192,-0.4373073204588553,0,0,0,0,0,0,1,0,0,0,0,0,0,0,0,1,other,collision with snow embankment,none,onondaga,cicero,2.833333333333333,2.811082404,4.50313682802664,2.7708734036657297
1.0,42.16010527777778,6,1,-73.5964338121363,41.3933539582094,0,3,0,0,0,0,0,2,1,0,2021,-0.5712682150947924,0.8207634412072763,-0.5000000000000004,0.8660254037844384,-0.9976687691905392,-0.0682424133646704,0.5963673585385013,0.8027116379309637,0,0,1,0,0,0,0,0,0,0,0,0,1,0,0,0,rear end,collision with motor vehicle,none,putnam,southeast,0.8166666666666667,1.48507669,2.6695812531406706,3.390927739182217
1.0,39.06567161111112,5,1,-76.1519085888192,43.0537413027933,1,2,0,0,2,2,0,2,1,1,2022,0.9987165071710528,-0.0506491688387126,0.4999999999999999,0.8660254037844387,0.2697967711570243,0.9629172873477994,-0.7164567402983151,-0.6976315211349847,0,0,0,0,0,0,1,0,0,0,0,0,1,0,0,0,overtaking,collision with motor vehicle,none,onondaga,syracuse,1.1,1.99460091,0.046521117007618074,2.120468355262852
1.0,37.98448394444444,4,0,-73.8443460400976,42.6960144094932,0,0,0,0,0,0,0,1,0,0,2022,0.72479278722912,0.6889669190756866,0.8660254037844386,0.5000000000000001,0.1361666490962471,-0.9906859460363306,0.7865515558026426,-0.6175246149461918,0,0,0,0,0,0,1,0,0,0,0,0,0,0,1,0,other,collision with guide rail,none,albany,albany,1.4666666666666666,2.388550124,2.4335369125550983,3.0097989663932014
1.0,37.22019611111112,0,0,-73.6929204167782,41.5227729275796,0,3,0,0,0,0,0,1,0,0,2022,-0.2993631229733582,-0.9541392564000488,0.4999999999999999,0.8660254037844387,0.2697967711570243,0.9629172873477994,-0.5076658003388407,0.8615540813938056,0,0,0,0,0,0,1,0,0,0,0,0,0,0,0,1,other,collision with guide rail,none,dutchess,east fishkill,1.5666666666666669,2.194682372,2.556100854084314,3.897286675719839
3.0,23.158542722222226,6,1,-73.4975756147177,44.5197793429997,0,0,0,0,0,0,0,1,0,1,2022,0.3943558551133185,0.9189578116202306,0.4999999999999999,0.8660254037844387,0.8169698930104421,-0.5766803221148671,0.0,1.0,0,0,0,0,0,0,1,0,0,0,0,0,0,0,0,1,other,collision with earth element rock cut ditch,none,clinton,ausable,5.15,2.940948943,5.555059359861968,2.174474467297145
1.0,37.94720161111111,0,0,-73.9419269243287,41.5297808948783,0,3,0,0,0,0,0,1,0,0,2022,-0.2993631229733582,-0.9541392564000488,0.4999999999999999,0.8660254037844387,0.9790840876823228,0.2034560130526337,-0.5076658003388407,0.8615540813938056,1,0,0,0,0,0,1,0,0,0,0,0,0,0,1,0,other,collision with guide rail,none,dutchess,fishkill,4.45,6.538065662,2.447953560875228,3.6148690506792964
1.0,38.37594844444445,4,0,-73.7620234780376,42.7648465293339,0,0,0,0,0,0,0,1,0,1,2022,0.72479278722912,0.6889669190756866,0.8660254037844386,0.5000000000000001,0.631087944326053,-0.7757112907044197,-0.5528000653611931,-0.8333139190825152,0,0,0,0,0,0,1,0,0,0,0,0,0,0,1,0,other,collision with guide rail,none,albany,colonie,2.4166666666666665,3.763644147,1.2406097104832758,2.548147885667533
2.0,30.764138722222224,5,1,-73.8464417225397,42.700889997381,0,0,0,0,0,0,0,1,0,1,2022,0.6513724827222223,-0.758758122692791,1.0,6.123233995736766e-17,-0.9976687691905392,-0.0682424133646704,0.2113826236296243,0.9774033898178668,1,0,0,0,0,0,1,0,0,0,0,1,0,0,0,0,other,collision with sign post,none,albany,albany,4.05,4.038290129,3.6439172023087654,2.114647826854935
2.0,39.38878516666667,0,0,-78.8002857671065,42.1023783159115,0,0,0,0,0,0,0,3,0,0,2022,-0.5712682150947924,0.8207634412072763,1.0,6.123233995736766e-17,0.9422609221188204,-0.3348796121709861,-0.0532221748421785,-0.998582695676762,0,0,0,0,0,0,1,0,0,0,0,0,0,0,0,1,other,collision with motor vehicle,none,cattaraugus,allegany indian territory,2.5,4.09483489,3.1772430807354564,4.718178796856838
1.0,44.148496388888894,2,0,-75.7836689683627,42.0991483468452,0,0,0,0,0,0,0,1,0,0,2022,0.9680771188662044,-0.2506525322587204,1.0,6.123233995736766e-17,-0.9976687691905392,-0.0682424133646704,-0.1590634960190718,-0.9872683547213446,0,0,0,0,0,0,1,0,0,0,0,0,0,0,0,1,other,collision with median barrier,none,broome,kirkwood,1.1333333333333333,2.3742585910000003,3.3872650720488138,4.721486903871945
1.0,41.84941916666666,6,1,-73.5964338121363,41.3933539582094,0,3,0,0,0,0,0,2,1,0,2021,-0.5712682150947924,0.8207634412072763,-0.5000000000000004,0.8660254037844384,-0.9976687691905392,-0.0682424133646704,0.5963673585385013,0.8027116379309637,0,0,1,0,0,0,0,0,0,0,0,0,1,0,0,0,rear end,collision with motor vehicle,none,putnam,southeast,0.9333333333333332,1.713741218,2.704255891064944,3.3552116180638047
1.0,49.06976438888889,4,0,-73.6536247980615,41.3444610690826,0,3,0,0,0,0,0,2,1,0,2022,0.9884683243281114,0.1514277775045767,0.4999999999999999,0.8660254037844387,0.9790840876823228,0.2034560130526337,-0.5076658003388407,0.8615540813938056,0,0,0,0,0,0,1,0,0,0,0,0,0,0,0,1,overtaking,collision with motor vehicle,none,westchester,north salem,1.55,4.2141381220000005,2.3311596765574376,4.178332552678031
1.0,42.83118727777779,0,0,-73.9405054075377,41.5301111270104,1,3,0,0,1,1,0,1,0,0,2022,-0.2993631229733582,-0.9541392564000488,0.4999999999999999,0.8660254037844387,0.9976687691905392,-0.0682424133646708,0.2631025642275216,-0.9647678688145158,0,0,0,0,0,0,1,0,0,0,0,0,0,0,1,0,other,collision with guide rail,none,dutchess,fishkill,1.0,1.997707765,1.2349545747205894,4.004429245177654
1.0,42.83118727777779,0,0,-73.9419260823669,41.5297278904571,0,3,0,0,0,0,0,1,0,0,2022,-0.2993631229733582,-0.9541392564000488,0.4999999999999999,0.8660254037844387,0.9790840876823228,0.2034560130526337,-0.5076658003388407,0.8615540813938056,1,0,0,0,0,0,1,0,0,0,0,0,0,0,1,0,other,collision with guide rail,none,dutchess,fishkill,1.0,1.997707765,1.902916334567764,4.176353161933967
4.0,9.749330166666669,1,0,-76.1424979828585,43.0443730273274,0,0,0,0,0,0,0,2,2,0,2022,-0.4853019625310808,-0.8743466161445822,0.4999999999999999,0.8660254037844387,-0.3984010898462415,-0.9172113015054528,-0.9968120070307502,0.0797861055530826,0,0,1,0,0,0,0,0,0,0,0,1,0,0,0,0,right angle,collision with motor vehicle,traffic signal,onondaga,syracuse,3.9,0.777335121,6.169472689568649,1.0481715833971585
1.0,46.36058150000001,5,1,-73.7666033787635,42.7562950761191,0,0,0,0,0,0,0,2,0,1,2022,0.6513724827222223,-0.758758122692791,1.0,6.123233995736766e-17,-0.9422609221188204,-0.3348796121709864,-0.7865515558026425,-0.617524614946192,0,0,0,0,0,0,1,0,0,0,0,0,0,0,1,0,head on,collision with motor vehicle,none,albany,colonie,1.2666666666666666,3.364723965,1.8312115542961096,4.341042609788712
1.0,45.14890566666667,4,0,-79.5047606827054,42.1530080526253,0,0,0,0,0,0,0,1,0,0,2021,-0.8486442574947509,0.5289640103269624,-0.5000000000000004,0.8660254037844384,-0.1361666490962464,-0.9906859460363308,0.4610925014493257,-0.8873520750565717,0,0,0,0,0,0,0,1,1,1,1,0,0,0,0,1,other,collision with guiderail end,none,chautauqua,north harmony,1.8166666666666669,4.210409896,2.621005024457958,3.3285351281828324
1.0,31.05618366666667,4,0,-73.7824848038416,42.6153959651214,0,0,0,0,0,0,0,1,0,1,2022,-0.9377521321470804,0.3473052528448203,0.8660254037844386,0.5000000000000001,-0.3984010898462415,-0.9172113015054528,0.1062934856473654,0.9943348002101372,0,0,1,0,0,0,0,0,0,0,0,0,0,0,0,1,other,collision with guide rail,none,albany,bethlehem,1.0333333333333334,1.123438768,1.336632443954624,1.44523550934192
1.0,42.824973555555566,1,0,-73.8037355234224,42.6867586663987,1,0,0,0,1,1,0,1,0,1,2022,-0.651372482722222,-0.7587581226927911,0.8660254037844387,-0.4999999999999998,0.9976687691905392,-0.0682424133646708,-0.9213119778704132,0.3888241754733201,1,1,0,0,0,0,1,0,0,0,0,0,0,0,0,1,other,other non collision,none,albany,albany,1.6666666666666667,3.695914708,0.7509608570714112,2.4229099067278406
4.0,2.4233516666666666,5,1,-73.7856612570923,40.910187130564,0,0,0,0,0,0,0,2,1,1,2022,0.9884683243281114,0.1514277775045767,0.4999999999999999,-0.8660254037844387,0.3984010898462414,-0.917211301505453,0.6382441836448203,-0.769833983429906,0,0,1,0,0,0,0,0,0,0,0,0,0,1,0,0,rear end,collision with motor vehicle,none,westchester,new rochelle,29.9,1.260761759,13.796796211126916,0.21184953070016532
1.0,47.11244188888889,6,1,-76.1314489505483,42.7642101717722,0,0,0,0,0,0,0,1,0,1,2022,0.9680771188662044,-0.2506525322587204,0.4999999999999999,0.8660254037844387,0.631087944326053,-0.7757112907044197,-0.3641605752528223,-0.9313361774523384,0,0,0,0,0,0,1,0,0,0,0,1,0,0,0,0,other,collision with tree,none,cortland,preble,1.45,3.359752997,1.5805863972356922,2.988116573946383
1.0,41.656793777777786,4,0,-78.7663929978967,42.9591270455858,0,0,0,0,0,0,0,2,0,0,2022,-0.4853019625310808,-0.8743466161445822,0.8660254037844386,0.5000000000000001,0.3984010898462414,-0.917211301505453,-0.9996456111234524,-0.0266205214377751,1,0,0,0,0,0,1,0,0,0,0,1,0,0,0,0,rear end,collision with motor vehicle,none,erie,amherst,1.9833333333333332,4.327849015,0.13479379415013604,2.3468900679312763
1.0,35.62948322222222,1,0,-73.8037355234224,42.6867586663987,1,0,0,0,1,1,0,1,0,0,2022,-0.651372482722222,-0.7587581226927911,0.8660254037844387,-0.4999999999999998,0.9976687691905392,-0.0682424133646708,-0.9213119778704132,0.3888241754733201,1,1,0,0,0,0,1,0,0,0,0,0,0,0,0,1,other,other non collision,none,albany,albany,1.0333333333333334,1.462085963,2.194612379689326,1.9030503686367566
1.0,44.5710295,4,0,-73.8443460400976,42.6960144094932,0,0,0,0,0,0,0,1,0,1,2022,0.72479278722912,0.6889669190756866,0.8660254037844386,0.5000000000000001,0.1361666490962471,-0.9906859460363306,0.7865515558026426,-0.6175246149461918,0,0,0,0,0,0,1,0,0,0,0,0,0,0,1,0,other,collision with guide rail,none,albany,albany,2.183333333333333,5.448180928,1.057847680268762,3.4596549070921987
3.0,20.909175277777774,6,1,-73.817269992294,40.8864302826621,1,2,0,0,1,1,0,2,0,1,2022,-0.72479278722912,0.6889669190756865,0.8660254037844386,0.5000000000000001,-0.2697967711570252,0.962917287347799,0.0,1.0,0,0,0,1,0,0,0,0,0,0,0,0,1,0,0,0,overtaking,collision with motor vehicle,none,bronx,bronx,1.4,0.722033102,1.301178537716201,1.6564947831216825
2.0,27.78155205555556,3,0,-73.7593778483681,42.7898211447844,2,0,0,0,2,2,0,1,0,1,2022,-0.2993631229733582,-0.9541392564000488,1.0,6.123233995736766e-17,-0.6310879443260528,-0.7757112907044198,0.7164567402983153,-0.6976315211349846,1,1,1,0,0,0,0,0,0,0,0,0,0,1,0,0,other,collision with sign post,none,albany,colonie,1.9333333333333331,1.529194031,4.6582095810340425,1.9415608837608995
1.0,41.75621333333334,5,1,-76.1106659383065,42.5586996079372,0,0,1,0,0,0,0,1,0,1,2022,0.6513724827222223,-0.758758122692791,1.0,6.123233995736766e-17,0.631087944326053,-0.7757112907044197,0.1590634960190721,-0.9872683547213446,0,0,0,0,0,0,1,0,1,1,0,0,0,0,1,0,other,collision with earth element rock cut ditch,none,cortland,cortlandville,3.216666666666667,5.699836183,2.71265768772891,4.44275457582415
1.0,36.30056522222223,0,0,-76.1424350582597,43.0427090103953,0,2,0,0,0,0,0,2,2,1,2022,-0.5712682150947924,0.8207634412072763,1.0,6.123233995736766e-17,0.9976687691905392,-0.0682424133646708,0.0,1.0,0,0,0,0,0,0,1,0,0,0,0,0,0,0,0,1,rear end,collision with motor vehicle,none,onondaga,syracuse,1.65,2.807354178,1.2051660686224075,1.3823687716502793
1.0,41.22183322222222,4,0,-73.7737403366494,42.7475275723849,0,0,0,0,0,0,0,1,0,1,2022,0.72479278722912,0.6889669190756866,0.8660254037844386,0.5000000000000001,0.3984010898462414,-0.917211301505453,0.9996456111234526,-0.0266205214377746,0,0,0,0,0,0,1,0,0,0,0,0,0,0,0,1,other,collision with guide rail,none,albany,colonie,2.1,4.046367952,1.8942779861883476,2.9455196887088113
1.0,42.5577835,4,0,-75.9676254791933,42.3196910523722,0,0,0,0,0,0,0,1,0,1,2022,-0.9377521321470804,0.3473052528448203,0.8660254037844386,0.5000000000000001,0.8169698930104421,-0.5766803221148671,-0.7164567402983151,-0.6976315211349847,0,0,0,0,0,0,0,1,0,0,0,0,0,0,1,0,other,collision with snow embankment,none,broome,barker,1.0,1.83925816,0.6932881470221846,3.586305842544536
1.0,45.969117,5,1,-75.9821163669396,42.3460793348047,0,0,0,0,0,0,0,1,0,1,2022,0.6513724827222223,-0.758758122692791,1.0,6.123233995736766e-17,-0.816969893010442,-0.5766803221148672,0.0532221748421787,-0.998582695676762,1,0,0,0,0,0,1,0,0,0,0,0,0,0,0,1,other,collision with guide rail,none,broome,triangle,2.1166666666666667,4.8292954120000005,2.108219992303538,3.578969453409679
2.0,31.199099277777787,4,0,-78.890340932578,42.8907511650891,0,0,0,0,0,0,0,1,0,0,2022,-0.4853019625310808,-0.8743466161445822,0.8660254037844386,0.5000000000000001,0.9422609221188204,-0.3348796121709861,0.7164567402983153,-0.6976315211349846,0,0,0,0,0,0,1,0,0,0,0,0,0,0,0,1,other,collision with other barrier,none,erie,buffalo,1.5,1.698206943,2.2000916426403867,3.1963839970065124
1.0,45.950475833333336,4,0,-73.7620234780376,42.7648465293339,0,0,0,0,0,0,0,1,0,1,2022,0.72479278722912,0.6889669190756866,0.8660254037844386,0.5000000000000001,0.631087944326053,-0.7757112907044197,-0.5528000653611931,-0.8333139190825152,0,0,0,0,0,0,1,0,0,0,0,0,0,0,1,0,other,collision with guide rail,none,albany,colonie,1.3166666666666669,3.460415099,0.3952420378895196,3.4189069185344017
1.0,37.54330966666667,5,1,-76.1637644150961,43.0663611069429,0,0,0,0,0,0,0,2,1,1,2022,0.6513724827222223,-0.758758122692791,1.0,6.123233995736766e-17,0.1361666490962471,-0.9906859460363306,-0.752570769856139,0.6585113790650381,0,0,0,0,0,0,1,0,0,0,0,1,0,0,0,0,overtaking,collision with motor vehicle,none,onondaga,syracuse,1.4166666666666667,2.66568159,1.252374241887889,1.1078878471829334
4.0,7.481321555555557,0,0,-73.6783054272018,40.9936396730808,0,0,0,0,0,0,0,1,1,1,2021,0.9680771188662044,-0.2506525322587204,-0.8660254037844385,-0.5000000000000004,0.0,1.0,0.0,1.0,0,0,0,0,1,0,0,0,0,0,0,0,0,0,0,0,other,collision with other,unknown,westchester,port chester,1.85,0.264082675,5.197940662639556,0.3030188156276199
1.0,46.95088511111111,0,0,-76.8099996174169,42.1541019877467,0,3,0,0,0,0,0,1,0,0,2022,-0.2993631229733582,-0.9541392564000488,0.4999999999999999,0.8660254037844387,-0.2697967711570252,0.962917287347799,0.9574220383620056,0.2886919473396211,0,0,1,0,0,0,0,0,0,0,0,1,0,0,0,0,other,collision with guide rail,none,chemung,horseheads,1.4166666666666667,3.631292124,0.05076768080195393,4.35283949136792
1.0,48.51052938888889,0,0,-73.6929204167782,41.5227729275796,0,3,0,0,0,0,0,1,0,0,2022,-0.2993631229733582,-0.9541392564000488,0.4999999999999999,0.8660254037844387,0.2697967711570243,0.9629172873477994,-0.5076658003388407,0.8615540813938056,0,0,0,0,0,0,1,0,0,0,0,0,0,0,0,1,other,collision with guide rail,none,dutchess,east fishkill,3.0166666666666666,8.477364553000001,1.2960245119162668,5.1952105171629075
1.0,37.94098788888889,4,0,-73.7620234780376,42.7648465293339,0,0,0,0,0,0,0,1,0,1,2022,0.72479278722912,0.6889669190756866,0.8660254037844386,0.5000000000000001,0.631087944326053,-0.7757112907044197,-0.5528000653611931,-0.8333139190825152,0,0,0,0,0,0,1,0,0,0,0,0,0,0,1,0,other,collision with guide rail,none,albany,colonie,1.0333333333333334,1.582010566,1.2891542035772572,2.498145316101757
1.0,40.14064555555556,4,0,-78.8208127358593,43.0039391511324,0,3,0,0,0,0,0,2,0,0,2022,-0.9377521321470804,0.3473052528448203,0.8660254037844386,0.5000000000000001,0.9976687691905392,-0.0682424133646708,0.0532221748421787,-0.998582695676762,1,1,0,0,0,0,1,0,1,1,1,0,0,0,0,1,overtaking,collision with motor vehicle,none,erie,amherst,1.2166666666666666,2.43577432,-0.6011759472474463,1.6757377949008059
4.0,3.026082722222223,5,1,-73.9267034799398,40.8452047969294,1,0,0,0,1,1,0,2,0,1,2021,0.9377521321470804,0.3473052528448203,-0.5000000000000004,0.8660254037844384,0.1361666490962471,-0.9906859460363306,-0.8993121301712191,-0.4373073204588555,0,0,0,1,0,0,0,0,0,0,0,0,1,0,0,0,rear end,collision with motor vehicle,none,bronx,bronx,2.1333333333333333,0.116817748,7.80955522183482,0.7141163618800976
1.0,40.42647677777778,5,1,-76.1519085888192,43.0537413027933,1,2,0,0,2,2,0,2,1,1,2022,0.9987165071710528,-0.0506491688387126,0.4999999999999999,0.8660254037844387,0.2697967711570243,0.9629172873477994,-0.7164567402983151,-0.6976315211349847,0,0,0,0,0,0,1,0,0,0,0,0,1,0,0,0,overtaking,collision with motor vehicle,none,onondaga,syracuse,1.0,1.99460091,-0.10535379710069215,2.276904965761492